,index,content,url
0,0,2도 옥종 빠르게 어 허이 mv,/watch?v=uQPhUCi4grk
1,1,저희 철 박 이들 철수 니들만 에게 전화 한다 합방 까지,/watch?v=uQPhUCi4grk
2,2,한번 고려해 보도록 할게요 인천 사시는 분들,/watch?v=uQPhUCi4grk
3,3,요 보세요,/watch?v=uQPhUCi4grk
4,4,[음악],/watch?v=uQPhUCi4grk
5,5,아 예 거치고 바가 쓸께요 아예,/watch?v=uQPhUCi4grk
6,6,아냐 아 으,/watch?v=uQPhUCi4grk
7,7,그러면 통한 다 개새끼야 어 어,/watch?v=uQPhUCi4grk
8,8,아 여보세요,/watch?v=uQPhUCi4grk
9,9,아 어 여보세요 아 아 아 아 아 예 안녕하세요,/watch?v=uQPhUCi4grk
10,10,아,/watch?v=uQPhUCi4grk
11,11,생각하지도 않아요 어 철저히 것 같군요,/watch?v=uQPhUCi4grk
12,12,어 아 아 아 아,/watch?v=uQPhUCi4grk
13,13,아 아시오 아 우 받아 아쉬워,/watch?v=uQPhUCi4grk
14,14,좋습니다,/watch?v=uQPhUCi4grk
15,15,어 해야지,/watch?v=uQPhUCi4grk
16,16,기다리고 있을 거야 너 몇살이야,/watch?v=uQPhUCi4grk
17,17,28 이야,/watch?v=uQPhUCi4grk
18,18,아 어도 부산 4 거 너 이거 지금 너무나 야,/watch?v=uQPhUCi4grk
19,19,또 연예인 누구 다 봐서 아 줘 요 적을 남았다고,/watch?v=uQPhUCi4grk
20,20,가 똥 없이 사진이 아기가 보는 전도대,/watch?v=uQPhUCi4grk
21,21,아 진짜로 어 당 첨 알았어요 오빠 그러니까 전장에 로보 탈 전하게,/watch?v=uQPhUCi4grk
22,22,5 요점을 다 저조 요정을 담았다고,/watch?v=uQPhUCi4grk
23,23,[음악],/watch?v=uQPhUCi4grk
24,24,예 야 요즘 아 아 야 돔 자 오바타 내보낼 수 있어,/watch?v=uQPhUCi4grk
25,25,아빠가 보기 안되 지금 나 야 너 진짜 조미정 가봤으면,/watch?v=uQPhUCi4grk
26,26,박 연습이 2개 오빠 나 군은 아빠가 안 돼,/watch?v=uQPhUCi4grk
27,27,그러니까 붙여 몽 대장 아,/watch?v=uQPhUCi4grk
28,28,어 사진 보내 뽑아,/watch?v=uQPhUCi4grk
29,29,아 으,/watch?v=uQPhUCi4grk
30,30,예 어 올해 어제 찌르 모를 보내주마 예 아,/watch?v=uQPhUCi4grk
31,31,[음악],/watch?v=uQPhUCi4grk
32,32,일단 나와도 용어는 여러분들 여자를 못 해 어디로 보내야 하면 바 우승,/watch?v=uQPhUCi4grk
33,33,따르면 지났어요 예 얼굴은 중요하지 않아 몸매,/watch?v=uQPhUCi4grk
34,34,몸매를 본 다음에는 꼭 괜찮네 그럼 이제 허리라인에 봅니다,/watch?v=uQPhUCi4grk
35,35,허리라인이 들어간 안 들어갔나 어 있자 라인 아치가 극혐 이에요 들어갔나,/watch?v=uQPhUCi4grk
36,36,그걸 봐야 그 다음에 마무리가 얼굴 봐요 전 일단 몸매가 60 이고,/watch?v=uQPhUCi4grk
37,37,두번째가 면상 이에요,/watch?v=uQPhUCi4grk
38,38,예 제가 보도 밖에 없었지만 일단 조유정 남았다 그랬거든요,/watch?v=uQPhUCi4grk
39,39,와 딱,/watch?v=uQPhUCi4grk
40,40,바다로 심리가 그냥,/watch?v=uQPhUCi4grk
41,41,뭐 아,/watch?v=uQPhUCi4grk
42,42,아 이게 종교적 이라고 자칭,/watch?v=uQPhUCi4grk
43,43,[음악],/watch?v=uQPhUCi4grk
44,44,이쁘긴 한데,/watch?v=uQPhUCi4grk
45,45,장차 돌려 작은 아니거든요 일단 보여 좀 자기가 집으로 조 유적이나,/watch?v=uQPhUCi4grk
46,46,그랬거든 야,/watch?v=uQPhUCi4grk
47,47,요새 야 뭐,/watch?v=uQPhUCi4grk
48,48,여 보 세 요 으,/watch?v=uQPhUCi4grk
49,49,아 어려우세요 5,/watch?v=uQPhUCi4grk
50,50,몇 살이에요,/watch?v=uQPhUCi4grk
51,51,예 여보세요,/watch?v=uQPhUCi4grk
52,52,으 아아아 2,/watch?v=uQPhUCi4grk
53,53,[음악],/watch?v=uQPhUCi4grk
54,54,5 마가의 채 같은 자바 하오,/watch?v=uQPhUCi4grk
55,55,알아서 자기야,/watch?v=uQPhUCi4grk
56,56,알아서 몇 살이,/watch?v=uQPhUCi4grk
57,57,20살 시끄러워 보니까 술 쳐 보고 있네,/watch?v=uQPhUCi4grk
58,58,그럼 어휘 야 모델이야 아니 감시자 거 피셔,/watch?v=uQPhUCi4grk
59,59,정말 너무 어가 와 거의 가 어딘데,/watch?v=uQPhUCi4grk
60,60,부산이 야 너도 혹시 조여정 이란 친구니,/watch?v=uQPhUCi4grk
61,61,[음악],/watch?v=uQPhUCi4grk
62,62,몰라 놓았다 그 조여정 사진 봤어,/watch?v=uQPhUCi4grk
63,63,너 연의 누구 닮았어,/watch?v=uQPhUCi4grk
64,64,어 그거 니 옆에 친구이자 친구한테 물어봐 다 누구 다 봤어 말해 봐,/watch?v=uQPhUCi4grk
65,65,에 못생겼어요 그러면 그 아이 캔 같으니라,/watch?v=uQPhUCi4grk
66,66,5,/watch?v=uQPhUCi4grk
67,67,[음악],/watch?v=uQPhUCi4grk
68,0,이거 2명 씨바 3만개 라,/watch?v=qULGznF8iqQ
69,1,[음악],/watch?v=qULGznF8iqQ
70,2,유도 옥종 만 드릴께요 허 임 v,/watch?v=qULGznF8iqQ
71,3,한번 하고 있었는데,/watch?v=qULGznF8iqQ
72,4,관계 아주 불렀었는데,/watch?v=qULGznF8iqQ
73,5,예 실내 보여준다,/watch?v=qULGznF8iqQ
74,6,오캬 좋을까,/watch?v=qULGznF8iqQ
75,7,[음악],/watch?v=qULGznF8iqQ
76,8,설마 지나고 있는,/watch?v=qULGznF8iqQ
77,9,홀더 불 우어,/watch?v=qULGznF8iqQ
78,10,으,/watch?v=qULGznF8iqQ
79,11,아,/watch?v=qULGznF8iqQ
80,12,4 re 아,/watch?v=qULGznF8iqQ
81,13,으,/watch?v=qULGznF8iqQ
82,14,[음악],/watch?v=qULGznF8iqQ
83,15,주의 저희 축빠 뷰나,/watch?v=qULGznF8iqQ
84,16,[음악],/watch?v=qULGznF8iqQ
85,17,[음악],/watch?v=qULGznF8iqQ
86,18,주의 자의 졸업하면 아 아,/watch?v=qULGznF8iqQ
87,19,아프리카 우리의 발 아프리카 bj 철구 님의 긴장을 진심으로 가져갑니다,/watch?v=qULGznF8iqQ
88,20,쫙쫙 뭐야 그 뭐야,/watch?v=qULGznF8iqQ
89,21,그래서 아 또 올해 날이 많았습니다,/watch?v=qULGznF8iqQ
90,22,포트리스 많은 시청자 비품 실제 다가 이벤트도 위하여 뭐,/watch?v=qULGznF8iqQ
91,23,이벤트때 별풍선 만기 이벤,/watch?v=qULGznF8iqQ
92,24,5 그,/watch?v=qULGznF8iqQ
93,25,[음악],/watch?v=qULGznF8iqQ
94,26,으,/watch?v=qULGznF8iqQ
95,27,진행하려 합니다,/watch?v=qULGznF8iqQ
96,28,하계 수다에 병장님 병장님 잠시 파기 요절 따른 반격 빨리 하자니까,/watch?v=qULGznF8iqQ
97,29,기다리세요,/watch?v=qULGznF8iqQ
98,30,근데 아마 이 말씀 드렸어요 원 자리에,/watch?v=qULGznF8iqQ
99,31,방 개입의 집에 갔다고,/watch?v=qULGznF8iqQ
100,32,망한 보통 에서 사랑하지 않습니다,/watch?v=qULGznF8iqQ
101,33,[박수],/watch?v=qULGznF8iqQ
102,34,4,/watch?v=qULGznF8iqQ
103,35,다중 농담 조로 인해 많은 시청자들이,/watch?v=qULGznF8iqQ
104,36,8 철수 법적인 소 남자인지 100 개,/watch?v=qULGznF8iqQ
105,37,아빠 줘,/watch?v=qULGznF8iqQ
106,38,덕계 으 우리의 장씩 배우고 또 한다고 몇 초 4,/watch?v=qULGznF8iqQ
107,39,[음악],/watch?v=qULGznF8iqQ
108,40,으,/watch?v=qULGznF8iqQ
109,41,따로 있고 있으면 못 된다,/watch?v=qULGznF8iqQ
110,42,예 저 어제 팬 여러분의 포토 가왕 딸인데 어디야 되나요 우는 자리인,/watch?v=qULGznF8iqQ
111,43,[음악],/watch?v=qULGznF8iqQ
112,44,잘 운치 4 여러 m 한자에게 썼고,/watch?v=qULGznF8iqQ
113,45,자몽 중에 쏙 다운로드는 먼저 받으시고 그 우리가 설치도 안 해요,/watch?v=qULGznF8iqQ
114,46,울아가 4 좋다 파의 슈타 만남이었지만 됩니까,/watch?v=qULGznF8iqQ
115,47,예 어찌 짠,/watch?v=qULGznF8iqQ
116,48,네 뭐 합니다 5 랍니다,/watch?v=qULGznF8iqQ
117,49,뭐야 아세요 금 부착해 보고드리겠습니다,/watch?v=qULGznF8iqQ
118,50,또 아껴야,/watch?v=qULGznF8iqQ
119,51,말았습니다,/watch?v=qULGznF8iqQ
120,52,후궁,/watch?v=qULGznF8iqQ
121,53,아 아니 뭐 있죠 본격 수 요소도 빚을 입니다,/watch?v=qULGznF8iqQ
122,54,상의 않습니다 그런데 몸종 주세요,/watch?v=qULGznF8iqQ
123,55,아니요 멋져 선택 후 후 기쁩니다,/watch?v=qULGznF8iqQ
124,56,작업이 더 칩 비싸기도 주더라구요,/watch?v=qULGznF8iqQ
125,57,뭐 아,/watch?v=qULGznF8iqQ
126,58,개새끼가 버 와 사기로 윤,/watch?v=qULGznF8iqQ
127,59,4 입구에서 투지로 점막은 더 써,/watch?v=qULGznF8iqQ
128,60,아주 짧은 무자막 찍어 와,/watch?v=qULGznF8iqQ
129,61,짜로 다 램,/watch?v=qULGznF8iqQ
130,62,[박수],/watch?v=qULGznF8iqQ
131,63,아 tel,/watch?v=qULGznF8iqQ
132,64,잠이 나서,/watch?v=qULGznF8iqQ
133,65,[음악],/watch?v=qULGznF8iqQ
134,66,물어다 점 공주 달 겁니다,/watch?v=qULGznF8iqQ
135,67,랜덤 탱크 무슨 말이야,/watch?v=qULGznF8iqQ
136,68,[음악],/watch?v=qULGznF8iqQ
137,69,으,/watch?v=qULGznF8iqQ
138,70,네놈 고객,/watch?v=qULGznF8iqQ
139,71,아 o 아 o 아,/watch?v=qULGznF8iqQ
140,72,쑤 포 탱크 장수리 하고 있으니,/watch?v=qULGznF8iqQ
141,73,예 자주 마개 받을께요,/watch?v=qULGznF8iqQ
142,74,[박수],/watch?v=qULGznF8iqQ
143,75,아 아 아 아,/watch?v=qULGznF8iqQ
144,76,탱크 엔진 오일 덜어서 오늘부 청구 이 알겠습니다,/watch?v=qULGznF8iqQ
145,77,[음악],/watch?v=qULGznF8iqQ
146,78,어떻게 할까요 어떻게 어떤,/watch?v=qULGznF8iqQ
147,79,[음악],/watch?v=qULGznF8iqQ
148,80,랜덤 캠 어 랜더,/watch?v=qULGznF8iqQ
149,81,캐논,/watch?v=qULGznF8iqQ
150,82,블렌더 달째,/watch?v=qULGznF8iqQ
151,83,아 아 아 아 아 아,/watch?v=qULGznF8iqQ
152,84,안 나오자 자기야 아아,/watch?v=qULGznF8iqQ
153,85,[음악],/watch?v=qULGznF8iqQ
154,86,으 으,/watch?v=qULGznF8iqQ
155,87,주 달,/watch?v=qULGznF8iqQ
156,88,[음악],/watch?v=qULGznF8iqQ
157,89,오오오,/watch?v=qULGznF8iqQ
158,90,[음악],/watch?v=qULGznF8iqQ
